Company,SiteId,ProductSku,BracketSku
000002647|Fastenal WI010,siteId=100112993,productSku=0203689,0203689[1]
000002647|Fastenal WI010,siteId=100112993,productSku=0286341,0286341[1]
000002647|Fastenal WI010,siteId=100112993,productSku=0831199,0831199[1]
000002647|Fastenal WI010,siteId=100112993,productSku=1001974,1001974[1]
000002647|Fastenal WI010,siteId=100112993,productSku=1008519,1008519[1]
000002647|Fastenal WI010,siteId=100112993,productSku=1024159,1024159[1]
000002647|Fastenal WI010,siteId=100112993,productSku=10325-01673,10325-01673[1]
000002647|Fastenal WI010,siteId=100112993,productSku=10325-03557,10325-03557[1]
000002647|Fastenal WI010,siteId=100112993,productSku=10325-06225,10325-06225[8000]
000002647|Fastenal WI010,siteId=100112993,productSku=10325-10945,10325-10945[1]
000002647|Fastenal WI010,siteId=100112993,productSku=1050558,1050558[1]
000002647|Fastenal WI010,siteId=100112993,productSku=1050560,1050560[1]
000002647|Fastenal WI010,siteId=100112993,productSku=111006335,111006335[1]
000002647|Fastenal WI010,siteId=100112993,productSku=111006337,111006337[1]
000002647|Fastenal WI010,siteId=100112993,productSku=11923-00107,11923-00107[1]
000002647|Fastenal WI010,siteId=100112993,productSku=11923-00436,11923-00436[1]
000002647|Fastenal WI010,siteId=100112993,productSku=11923-01284,11923-01284[1]
000002647|Fastenal WI010,siteId=100112993,productSku=1603991,1603991[1]
000002647|Fastenal WI010,siteId=100112993,productSku=1614539,1614539[1]
000002647|Fastenal WI010,siteId=100112993,productSku=3325-HGC1M,3325-HGC1M[1]
000002647|Fastenal WI010,siteId=100112993,productSku=60421,60421[2]
000002647|Fastenal WI010,siteId=100112993,productSku=60423,60423[4]
000002647|Fastenal WI010,siteId=100112993,productSku=610034-131464,610034-131464[1]
000002647|Fastenal WI010,siteId=100112993,productSku=660045-130699,660045-130699[1]
000002647|Fastenal WI010,siteId=100112993,productSku=S0846,S0846[1]
100116065|Fastenal WI021,siteId=100101313,productSku=0201452,0201452[5]
100116065|Fastenal WI021,siteId=100101313,productSku=0202187,0202187[1]
100116065|Fastenal WI021,siteId=100101313,productSku=0204075,0204075[1]
100116065|Fastenal WI021,siteId=100101313,productSku=0207137,0207137[5]
100116065|Fastenal WI021,siteId=100101313,productSku=0207149,0207149[5]
100116065|Fastenal WI021,siteId=100101313,productSku=0227156,0227156[2]
100116065|Fastenal WI021,siteId=100101313,productSku=0227157,0227157[2]
100116065|Fastenal WI021,siteId=100101313,productSku=0227158,0227158[1]
100116065|Fastenal WI021,siteId=100101313,productSku=0227159,0227159[2]
100116065|Fastenal WI021,siteId=100101313,productSku=0240170,0240170[1]
100116065|Fastenal WI021,siteId=100101313,productSku=0266157,0266157[1]
100116065|Fastenal WI021,siteId=100101313,productSku=0266166,0266166[1]
100116065|Fastenal WI021,siteId=100101313,productSku=0701507,0701507[1]
100116065|Fastenal WI021,siteId=100101313,productSku=0711275,0711275[1]
100116065|Fastenal WI021,siteId=100101313,productSku=0712659,0712659[1]
100116065|Fastenal WI021,siteId=100101313,productSku=0812433,0812433[1]
100116065|Fastenal WI021,siteId=100101313,productSku=0812434,0812434[1]
100116065|Fastenal WI021,siteId=100101313,productSku=0813443,0813443[1]
100116065|Fastenal WI021,siteId=100101313,productSku=0853835,0853835[2]
100116065|Fastenal WI021,siteId=100101313,productSku=1000180,1000180[1]
100116065|Fastenal WI021,siteId=100101313,productSku=1007855,1007855[1]
100116065|Fastenal WI021,siteId=100101313,productSku=1007908,1007908[1]
100116065|Fastenal WI021,siteId=100101313,productSku=1012775,1012775[1]
100116065|Fastenal WI021,siteId=100101313,productSku=10325-16088,10325-16088[1]
100116065|Fastenal WI021,siteId=100101313,productSku=10325-16089,10325-16089[1]
100116065|Fastenal WI021,siteId=100101313,productSku=10325-16090,10325-16090[1]
100116065|Fastenal WI021,siteId=100101313,productSku=10325-16091,10325-16091[1]
100116065|Fastenal WI021,siteId=100101313,productSku=10325-16165,10325-16165[1]
100116065|Fastenal WI021,siteId=100101313,productSku=10325-16897,10325-16897[1]
100116065|Fastenal WI021,siteId=100101313,productSku=10325-17471,10325-17471[1]
100116065|Fastenal WI021,siteId=100101313,productSku=10325-17859,10325-17859[1]
100116065|Fastenal WI021,siteId=100101313,productSku=10325-20101,10325-20101[1]
100116065|Fastenal WI021,siteId=100101313,productSku=10325-20877,10325-20877[1]
100116065|Fastenal WI021,siteId=100101313,productSku=10325-20878,10325-20878[1]
100116065|Fastenal WI021,siteId=100101313,productSku=10325-20879,10325-20879[1]
100116065|Fastenal WI021,siteId=100101313,productSku=10325-20880,10325-20880[1]
100116065|Fastenal WI021,siteId=100101313,productSku=1037146,1037146[1]
100116065|Fastenal WI021,siteId=100101313,productSku=1606167,1606167[12]
100116065|Fastenal WI021,siteId=100101313,productSku=1606168,1606168[12]
100116065|Fastenal WI021,siteId=100101313,productSku=1606169,1606169[12]
100116065|Fastenal WI021,siteId=100101313,productSku=1614562,1614562[1]
100116065|Fastenal WI021,siteId=100101313,productSku=1614563,1614563[1]
100116065|Fastenal WI021,siteId=100101313,productSku=1614564,1614564[1]
100116065|Fastenal WI021,siteId=100101313,productSku=418 MasterLock[REG] ,418 MasterLock[REG] [1]
100116065|Fastenal WI021,siteId=100101313,productSku=5678910,5678910[1]
100116065|Fastenal WI021,siteId=100101313,productSku=63135,63135[1]
100116065|Fastenal WI021,siteId=100101313,productSku=63164,63164[2]
100116065|Fastenal WI021,siteId=100101313,productSku=987654,987654[1]
100116065|Fastenal WI021,siteId=100101313,productSku=High price item,High price item[1]
100116065|Fastenal WI021,siteId=100113777,productSku=0201452,0201452[25]
100116065|Fastenal WI021,siteId=100113777,productSku=0202187,0202187[1]
100116065|Fastenal WI021,siteId=100113777,productSku=0225008,0225008[1]
100116065|Fastenal WI021,siteId=100113777,productSku=0225010,0225010[1]
100116065|Fastenal WI021,siteId=100113777,productSku=0225011,0225011[1]
100116065|Fastenal WI021,siteId=100113777,productSku=0227155,0227155[1]
100116065|Fastenal WI021,siteId=100113777,productSku=0227156,0227156[1]
100116065|Fastenal WI021,siteId=100113777,productSku=0227157,0227157[1]
100116065|Fastenal WI021,siteId=100113777,productSku=0227158,0227158[1]
100116065|Fastenal WI021,siteId=100113777,productSku=0227159,0227159[4]
100116065|Fastenal WI021,siteId=100113777,productSku=0240170,0240170[1]
100116065|Fastenal WI021,siteId=100113777,productSku=0266159,0266159[1]
100116065|Fastenal WI021,siteId=100113777,productSku=0266166,0266166[1]
100116065|Fastenal WI021,siteId=100113777,productSku=0326414,0326414[1]
100116065|Fastenal WI021,siteId=100113777,productSku=0326415,0326415[1]
100116065|Fastenal WI021,siteId=100113777,productSku=0812433,0812433[1]
100116065|Fastenal WI021,siteId=100113777,productSku=0812434,0812434[1]
100116065|Fastenal WI021,siteId=100113777,productSku=0813443,0813443[1]
100116065|Fastenal WI021,siteId=100113777,productSku=0853835,0853835[2]
100116065|Fastenal WI021,siteId=100113777,productSku=1000180,1000180[1]
100116065|Fastenal WI021,siteId=100113777,productSku=1000803,1000803[1]
100116065|Fastenal WI021,siteId=100113777,productSku=1003017,1003017[1]
100116065|Fastenal WI021,siteId=100113777,productSku=1008341,1008341[1]
100116065|Fastenal WI021,siteId=100113777,productSku=10325-16897,10325-16897[1]
100116065|Fastenal WI021,siteId=100113777,productSku=10325-18069,10325-18069[1]
100116065|Fastenal WI021,siteId=100113777,productSku=10325-18599,10325-18599[1]
100116065|Fastenal WI021,siteId=100113777,productSku=10325-18600,10325-18600[1]
100116065|Fastenal WI021,siteId=100113777,productSku=10325-18601,10325-18601[1]
100116065|Fastenal WI021,siteId=100113777,productSku=10325-18602,10325-18602[1]
100116065|Fastenal WI021,siteId=100113777,productSku=1055464,1055464[5]
100116065|Fastenal WI021,siteId=100113777,productSku=1093414,1093414[1]
100116065|Fastenal WI021,siteId=100113777,productSku=11322-04078,11322-04078[1]
100116065|Fastenal WI021,siteId=100113777,productSku=13281-00008,13281-00008[1]
100116065|Fastenal WI021,siteId=100113777,productSku=1614562,1614562[1]
100116065|Fastenal WI021,siteId=100113777,productSku=1614563,1614563[1]
100116065|Fastenal WI021,siteId=100113777,productSku=3119911,3119911[1]
100116065|Fastenal WI021,siteId=100113777,productSku=52202,52202[1]
100116065|Fastenal WI021,siteId=100113777,productSku=62476,62476[1]
100116065|Fastenal WI021,siteId=100113777,productSku=99452966,99452966[1]
100204295|Fastenal WI023,siteId=100102765,productSku=0200049,0200049[1]
100204295|Fastenal WI023,siteId=100102765,productSku=0200650,0200650[1]
100204295|Fastenal WI023,siteId=100102765,productSku=0200660,0200660[1]
100204295|Fastenal WI023,siteId=100102765,productSku=0200661,0200661[1]
100204295|Fastenal WI023,siteId=100102765,productSku=0200668,0200668[1]
100204295|Fastenal WI023,siteId=100102765,productSku=0207684,0207684[1]
100204295|Fastenal WI023,siteId=100102765,productSku=0209080,0209080[1]
100204295|Fastenal WI023,siteId=100102765,productSku=0209081,0209081[1]
100204295|Fastenal WI023,siteId=100102765,productSku=0209246,0209246[1]
100204295|Fastenal WI023,siteId=100102765,productSku=021784,021784[1]
100204295|Fastenal WI023,siteId=100102765,productSku=0217854,0217854[1]
100204295|Fastenal WI023,siteId=100102765,productSku=0217856,0217856[1]
100204295|Fastenal WI023,siteId=100102765,productSku=0217862(4),0217862(4)[4]
100204295|Fastenal WI023,siteId=100102765,productSku=0249698,0249698[1]
100204295|Fastenal WI023,siteId=100102765,productSku=0250136,0250136[1]
100204295|Fastenal WI023,siteId=100102765,productSku=0325581,0325581[1]
100204295|Fastenal WI023,siteId=100102765,productSku=0602095,0602095[1]
100204295|Fastenal WI023,siteId=100102765,productSku=0602099,0602099[1]
100204295|Fastenal WI023,siteId=100102765,productSku=0606386,0606386[1]
100204295|Fastenal WI023,siteId=100102765,productSku=0800012,0800012[1]
100204295|Fastenal WI023,siteId=100102765,productSku=0851495,0851495[1]
100204295|Fastenal WI023,siteId=100102765,productSku=1000712,1000712[1]
100204295|Fastenal WI023,siteId=100102765,productSku=1000713,1000713[1]
100204295|Fastenal WI023,siteId=100102765,productSku=1001868,1001868[2]
100204295|Fastenal WI023,siteId=100102765,productSku=1002622,1002622[1]
100204295|Fastenal WI023,siteId=100102765,productSku=1002623,1002623[1]
100204295|Fastenal WI023,siteId=100102765,productSku=1002629,1002629[1]
100204295|Fastenal WI023,siteId=100102765,productSku=1006344,1006344[1]
100204295|Fastenal WI023,siteId=100102765,productSku=1006443,1006443[1]
100204295|Fastenal WI023,siteId=100102765,productSku=1006630,1006630[1]
100204295|Fastenal WI023,siteId=100102765,productSku=1006631,1006631[1]
100204295|Fastenal WI023,siteId=100102765,productSku=1006632,1006632[1]
100204295|Fastenal WI023,siteId=100102765,productSku=1006633,1006633[1]
100204295|Fastenal WI023,siteId=100102765,productSku=1008338,1008338[1]
100204295|Fastenal WI023,siteId=100102765,productSku=1008341,1008341[1]
100204295|Fastenal WI023,siteId=100102765,productSku=1008542,1008542[1]
100204295|Fastenal WI023,siteId=100102765,productSku=1012539,1012539[1]
100204295|Fastenal WI023,siteId=100102765,productSku=1012540,1012540[1]
100204295|Fastenal WI023,siteId=100102765,productSku=1012541,1012541[1]
100204295|Fastenal WI023,siteId=100102765,productSku=1013521,1013521[1]
100204295|Fastenal WI023,siteId=100102765,productSku=1014275,1014275[1]
100204295|Fastenal WI023,siteId=100102765,productSku=1014276,1014276[1]
100204295|Fastenal WI023,siteId=100102765,productSku=1014277,1014277[1]
100204295|Fastenal WI023,siteId=100102765,productSku=1017003,1017003[1]
100204295|Fastenal WI023,siteId=100102765,productSku=1017004,1017004[1]
100204295|Fastenal WI023,siteId=100102765,productSku=1022399,1022399[1]
100204295|Fastenal WI023,siteId=100102765,productSku=1022401,1022401[1]
100204295|Fastenal WI023,siteId=100102765,productSku=1022402,1022402[1]
100204295|Fastenal WI023,siteId=100102765,productSku=10325-22660,10325-22660[5]
100204295|Fastenal WI023,siteId=100102765,productSku=1072995,1072995[1]
100204295|Fastenal WI023,siteId=100102765,productSku=10767-01326,10767-01326[1]
100204295|Fastenal WI023,siteId=100102765,productSku=121001940,121001940[2]
100204295|Fastenal WI023,siteId=100102765,productSku=495-1JL1399,495-1JL1399[1]
100204295|Fastenal WI023,siteId=100102765,productSku=60421,60421[1]
100204295|Fastenal WI023,siteId=100102765,productSku=60423,60423[1]
100204295|Fastenal WI023,siteId=100102765,productSku=60424,60424[1]
100204295|Fastenal WI023,siteId=100102765,productSku=63124,63124[100]
100204295|Fastenal WI023,siteId=100102765,productSku=63128,63128[100]
100204295|Fastenal WI023,siteId=100102765,productSku=99298808,99298808[1]
000001350|Fastenal WIMID,siteId=100100700,productSku=0201079,0201079[1]
000001350|Fastenal WIMID,siteId=100100700,productSku=0202650,0202650[1]
000001350|Fastenal WIMID,siteId=100100700,productSku=0215006,0215006[1]
000001350|Fastenal WIMID,siteId=100100700,productSku=0215008,0215008[4]
000001350|Fastenal WIMID,siteId=100100700,productSku=0215009,0215009[1]
000001350|Fastenal WIMID,siteId=100100700,productSku=0215010,0215010[4]
000001350|Fastenal WIMID,siteId=100100700,productSku=0225009,0225009[1]
000001350|Fastenal WIMID,siteId=100100700,productSku=0225010,0225010[2]
000001350|Fastenal WIMID,siteId=100100700,productSku=0225011,0225011[2]
000001350|Fastenal WIMID,siteId=100100700,productSku=0225012,0225012[1]
000001350|Fastenal WIMID,siteId=100100700,productSku=0227156,0227156[1]
000001350|Fastenal WIMID,siteId=100100700,productSku=0227158,0227158[1]
000001350|Fastenal WIMID,siteId=100100700,productSku=0281817,0281817[1]
000001350|Fastenal WIMID,siteId=100100700,productSku=0600216,0600216[1]
000001350|Fastenal WIMID,siteId=100100700,productSku=0600482,0600482[1]
000001350|Fastenal WIMID,siteId=100100700,productSku=0605800,0605800[1]
000001350|Fastenal WIMID,siteId=100100700,productSku=0606599,0606599[1]
000001350|Fastenal WIMID,siteId=100100700,productSku=0610044,0610044[1]
000001350|Fastenal WIMID,siteId=100100700,productSku=1006444,1006444[1]
000001350|Fastenal WIMID,siteId=100100700,productSku=1008548,1008548[1]
000001350|Fastenal WIMID,siteId=100100700,productSku=1010462,1010462[1]
000001350|Fastenal WIMID,siteId=100100700,productSku=1013529,1013529[1]
000001350|Fastenal WIMID,siteId=100100700,productSku=1013530,1013530[1]
000001350|Fastenal WIMID,siteId=100100700,productSku=1013531,1013531[1]
000001350|Fastenal WIMID,siteId=100100700,productSku=1023789,1023789[1]
000001350|Fastenal WIMID,siteId=100100700,productSku=1023790,1023790[1]
000001350|Fastenal WIMID,siteId=100100700,productSku=1023792,1023792[1]
000001350|Fastenal WIMID,siteId=100100700,productSku=1028903,1028903[1]
000001350|Fastenal WIMID,siteId=100100700,productSku=1028904,1028904[1]
000001350|Fastenal WIMID,siteId=100100700,productSku=1028905,1028905[1]
000001350|Fastenal WIMID,siteId=100100700,productSku=1049995,1049995[1]
000001350|Fastenal WIMID,siteId=100100700,productSku=1049997,1049997[1]
000001350|Fastenal WIMID,siteId=100100700,productSku=10631-06635,10631-06635[1]
000001350|Fastenal WIMID,siteId=100100700,productSku=111013529,111013529[1]
000001350|Fastenal WIMID,siteId=100100700,productSku=111022396,111022396[1]
000001350|Fastenal WIMID,siteId=100100700,productSku=111022397,111022397[1]
000001350|Fastenal WIMID,siteId=100100700,productSku=111022398,111022398[1]
000001350|Fastenal WIMID,siteId=100100700,productSku=111024812,111024812[1]
000001350|Fastenal WIMID,siteId=100100700,productSku=111024813,111024813[1]
000001350|Fastenal WIMID,siteId=100100700,productSku=111024814,111024814[1]
000001350|Fastenal WIMID,siteId=100100700,productSku=495-1JL2391,495-1JL2391[1]
000001350|Fastenal WIMID,siteId=100100700,productSku=5100636,5100636[1]
000001350|Fastenal WIMID,siteId=100100700,productSku=620350-131414,620350-131414[1]
000001350|Fastenal WIMID,siteId=100100700,productSku=63270,63270[1]
000001350|Fastenal WIMID,siteId=100100700,productSku=63318,63318[1]
000001350|Fastenal WIMID,siteId=100100700,productSku=63337,63337[1]
000001350|Fastenal WIMID,siteId=100100700,productSku=660036-131694,660036-131694[1]
000001350|Fastenal WIMID,siteId=100100700,productSku=67230,67230[1]
000001350|Fastenal WIMID,siteId=100100700,productSku=99057063,99057063[1]
000001350|Fastenal WIMID,siteId=100118884,productSku=0215008,0215008[1]
000001350|Fastenal WIMID,siteId=100118884,productSku=0215010,0215010[1]
000001350|Fastenal WIMID,siteId=100118884,productSku=0239020,0239020[1]
000001350|Fastenal WIMID,siteId=100118884,productSku=0253812,0253812[1]
000001350|Fastenal WIMID,siteId=100118884,productSku=0253813,0253813[1]
000001350|Fastenal WIMID,siteId=100118884,productSku=0297645,0297645[1]
000001350|Fastenal WIMID,siteId=100118884,productSku=0297646,0297646[1]
000001350|Fastenal WIMID,siteId=100118884,productSku=0601364,0601364[1]
000001350|Fastenal WIMID,siteId=100118884,productSku=0601675,0601675[1]
000001350|Fastenal WIMID,siteId=100118884,productSku=0601793,0601793[1]
000001350|Fastenal WIMID,siteId=100118884,productSku=1050072,1050072[1]
000001350|Fastenal WIMID,siteId=100118884,productSku=1056439,1056439[1]
000001350|Fastenal WIMID,siteId=100118884,productSku=111024812,111024812[1]
000001350|Fastenal WIMID,siteId=100118884,productSku=111024813,111024813[1]
000001350|Fastenal WIMID,siteId=100118884,productSku=111024814,111024814[1]
000001350|Fastenal WIMID,siteId=100118884,productSku=51572,51572[1]
000001350|Fastenal WIMID,siteId=100118884,productSku=53935,53935[1]
000001350|Fastenal WIMID,siteId=100118884,productSku=63125,63125[100]
000001350|Fastenal WIMID,siteId=100118884,productSku=63127,63127[100]
000001350|Fastenal WIMID,siteId=100118884,productSku=63164,63164[1]
000001350|Fastenal WIMID,siteId=100118884,productSku=63237,63237[1]
000001350|Fastenal WIMID,siteId=100118884,productSku=63240,63240[1]
000001350|Fastenal WIMID,siteId=100118884,productSku=63801,63801[1]
000001350|Fastenal WIMID,siteId=100118884,productSku=cp1,cp1[1]
000002676|Fastenal WIRIH,siteId=100105395,productSku=0202287,0202287[1]
000002676|Fastenal WIRIH,siteId=100105395,productSku=0210168,0210168[1]
000002676|Fastenal WIRIH,siteId=100105395,productSku=0235983,0235983[1]
000002676|Fastenal WIRIH,siteId=100105395,productSku=0236062,0236062[1]
000002676|Fastenal WIRIH,siteId=100105395,productSku=0236819,0236819[1]
000002676|Fastenal WIRIH,siteId=100105395,productSku=0236925,0236925[1]
000002676|Fastenal WIRIH,siteId=100105395,productSku=0236984,0236984[1]
000002676|Fastenal WIRIH,siteId=100105395,productSku=02558230127,02558230127[1]
000002676|Fastenal WIRIH,siteId=100105395,productSku=0261076,0261076[1]
000002676|Fastenal WIRIH,siteId=100105395,productSku=0266244,0266244[1]
000002676|Fastenal WIRIH,siteId=100105395,productSku=0266324,0266324[1]
000002676|Fastenal WIRIH,siteId=100105395,productSku=0266325,0266325[1]
000002676|Fastenal WIRIH,siteId=100105395,productSku=0709068,0709068[1]
000002676|Fastenal WIRIH,siteId=100105395,productSku=0712658,0712658[1]
000002676|Fastenal WIRIH,siteId=100105395,productSku=1155-ss08,1155-ss08[1]
000002676|Fastenal WIRIH,siteId=100105395,productSku=12014-01514,12014-01514[1]
000002676|Fastenal WIRIH,siteId=100105395,productSku=12014-01599,12014-01599[1]
000002676|Fastenal WIRIH,siteId=100105395,productSku=2112086,2112086[1]
000002676|Fastenal WIRIH,siteId=100105395,productSku=60421,60421[1]
000002676|Fastenal WIRIH,siteId=100105395,productSku=60423,60423[1]
000002676|Fastenal WIRIH,siteId=100105395,productSku=60424,60424[4]
000002676|Fastenal WIRIH,siteId=100105395,productSku=63164,63164[1]
000002676|Fastenal WIRIH,siteId=100118802,productSku=0322956,0322956[1]
000002676|Fastenal WIRIH,siteId=100118802,productSku=0322957,0322957[1]
000002676|Fastenal WIRIH,siteId=100118802,productSku=0322958,0322958[1]
000002676|Fastenal WIRIH,siteId=100118802,productSku=0322959,0322959[1]
000002676|Fastenal WIRIH,siteId=100118802,productSku=0322960,0322960[1]
000002676|Fastenal WIRIH,siteId=100118802,productSku=0322961,0322961[1]
000002676|Fastenal WIRIH,siteId=100118802,productSku=0322962,0322962[1]
000002676|Fastenal WIRIH,siteId=100118802,productSku=0322963,0322963[1]
000002676|Fastenal WIRIH,siteId=100118802,productSku=0322964,0322964[1]
000002676|Fastenal WIRIH,siteId=100118802,productSku=0322965,0322965[1]
000002676|Fastenal WIRIH,siteId=100118802,productSku=0322966,0322966[1]
000002676|Fastenal WIRIH,siteId=100118802,productSku=0322967,0322967[1]
000002676|Fastenal WIRIH,siteId=100118802,productSku=0322968,0322968[1]
000002676|Fastenal WIRIH,siteId=100118802,productSku=0322969,0322969[1]
000002676|Fastenal WIRIH,siteId=100118802,productSku=0322970,0322970[1]
000002676|Fastenal WIRIH,siteId=100118802,productSku=0322971,0322971[1]
000002676|Fastenal WIRIH,siteId=100118802,productSku=0322972,0322972[1]
000002676|Fastenal WIRIH,siteId=100118802,productSku=0322973,0322973[1]
000002676|Fastenal WIRIH,siteId=100118802,productSku=0322974,0322974[1]
000002676|Fastenal WIRIH,siteId=100118802,productSku=0322975,0322975[1]
000002676|Fastenal WIRIH,siteId=100118802,productSku=0322976,0322976[1]
000002676|Fastenal WIRIH,siteId=100118802,productSku=53720,53720[12]
000002676|Fastenal WIRIH,siteId=100118802,productSku=53721,53721[12]
000002676|Fastenal WIRIH,siteId=100118802,productSku=53722,53722[12]
000002676|Fastenal WIRIH,siteId=100118802,productSku=53723,53723[12]
000002676|Fastenal WIRIH,siteId=100118802,productSku=53724,53724[12]
000002676|Fastenal WIRIH,siteId=100118802,productSku=53725,53725[12]
000002676|Fastenal WIRIH,siteId=100118802,productSku=53726,53726[12]
000002676|Fastenal WIRIH,siteId=100118802,productSku=53727,53727[1]
000002676|Fastenal WIRIH,siteId=100118802,productSku=53749,53749[1]
000002676|Fastenal WIRIH,siteId=100118802,productSku=53750,53750[1]
000002676|Fastenal WIRIH,siteId=100118802,productSku=53751,53751[1]
000002676|Fastenal WIRIH,siteId=100118802,productSku=53752,53752[1]
000002676|Fastenal WIRIH,siteId=100118802,productSku=53753,53753[1]
000002676|Fastenal WIRIH,siteId=100118802,productSku=53754,53754[1]
000002676|Fastenal WIRIH,siteId=100118802,productSku=53755,53755[1]
000002676|Fastenal WIRIH,siteId=100118802,productSku=53756,53756[1]
000002676|Fastenal WIRIH,siteId=100118802,productSku=53757,53757[1]
000002676|Fastenal WIRIH,siteId=100118802,productSku=53758,53758[1]
000002676|Fastenal WIRIH,siteId=100118802,productSku=53759,53759[1]
000002676|Fastenal WIRIH,siteId=100118802,productSku=53760,53760[1]
000002676|Fastenal WIRIH,siteId=100118802,productSku=53761,53761[1]
000002676|Fastenal WIRIH,siteId=100118802,productSku=53762,53762[1]
000002676|Fastenal WIRIH,siteId=100118802,productSku=53763,53763[1]
000002676|Fastenal WIRIH,siteId=100118802,productSku=53764,53764[1]
000002676|Fastenal WIRIH,siteId=100118802,productSku=53765,53765[1]
000002676|Fastenal WIRIH,siteId=100118802,productSku=53766,53766[1]
000002676|Fastenal WIRIH,siteId=100118802,productSku=53767,53767[1]
000002676|Fastenal WIRIH,siteId=100118802,productSku=53768,53768[1]
000002676|Fastenal WIRIH,siteId=100118802,productSku=53769,53769[1]
000002676|Fastenal WIRIH,siteId=100118802,productSku=53770,53770[1]
000002676|Fastenal WIRIH,siteId=100118802,productSku=53771,53771[1]
000002676|Fastenal WIRIH,siteId=100118802,productSku=53772,53772[1]
000002676|Fastenal WIRIH,siteId=100118802,productSku=53773,53773[1]
000002676|Fastenal WIRIH,siteId=100118802,productSku=53774,53774[1]
000002676|Fastenal WIRIH,siteId=100118802,productSku=53775,53775[1]
000002676|Fastenal WIRIH,siteId=100118802,productSku=53776,53776[1]
000002676|Fastenal WIRIH,siteId=100118802,productSku=53777,53777[1]
000002676|Fastenal WIRIH,siteId=100118802,productSku=53778,53778[1]
000002676|Fastenal WIRIH,siteId=100118802,productSku=53779,53779[1]
000002676|Fastenal WIRIH,siteId=100118802,productSku=53780,53780[1]
000002676|Fastenal WIRIH,siteId=100118802,productSku=53781,53781[1]
000002676|Fastenal WIRIH,siteId=100118802,productSku=53782,53782[1]
000002676|Fastenal WIRIH,siteId=100118802,productSku=53783,53783[1]
000002676|Fastenal WIRIH,siteId=100118802,productSku=53784,53784[1]
000002676|Fastenal WIRIH,siteId=100118802,productSku=53785,53785[1]
000002676|Fastenal WIRIH,siteId=100118802,productSku=53786,53786[1]
000002676|Fastenal WIRIH,siteId=100118802,productSku=53787,53787[1]
000002676|Fastenal WIRIH,siteId=100118802,productSku=53788,53788[1]
000002676|Fastenal WIRIH,siteId=100118802,productSku=53789,53789[1]
000002676|Fastenal WIRIH,siteId=100118802,productSku=53790,53790[1]
000002676|Fastenal WIRIH,siteId=100118802,productSku=53791,53791[1]
000002676|Fastenal WIRIH,siteId=100118802,productSku=53792,53792[1]
000002676|Fastenal WIRIH,siteId=100118802,productSku=53793,53793[1]
000002676|Fastenal WIRIH,siteId=100118802,productSku=53794,53794[12]
000002676|Fastenal WIRIH,siteId=100118802,productSku=53795,53795[12]
000002676|Fastenal WIRIH,siteId=100118802,productSku=53796,53796[12]
000002676|Fastenal WIRIH,siteId=100118802,productSku=53797,53797[12]
000002676|Fastenal WIRIH,siteId=100118802,productSku=53798,53798[12]
000002676|Fastenal WIRIH,siteId=100118802,productSku=53799,53799[12]
000002676|Fastenal WIRIH,siteId=100118802,productSku=53800,53800[12]
000002676|Fastenal WIRIH,siteId=100118802,productSku=53801,53801[12]
000002676|Fastenal WIRIH,siteId=100118802,productSku=53802,53802[12]
000002676|Fastenal WIRIH,siteId=100118802,productSku=53803,53803[12]
000002676|Fastenal WIRIH,siteId=100118802,productSku=53804,53804[12]
000002676|Fastenal WIRIH,siteId=100118802,productSku=53805,53805[12]
000002676|Fastenal WIRIH,siteId=100118802,productSku=53806,53806[12]
000002676|Fastenal WIRIH,siteId=100118802,productSku=53807,53807[12]
000002676|Fastenal WIRIH,siteId=100118802,productSku=53808,53808[12]
000002676|Fastenal WIRIH,siteId=100118802,productSku=53809,53809[12]
000002676|Fastenal WIRIH,siteId=100118802,productSku=53810,53810[12]
000002676|Fastenal WIRIH,siteId=100118802,productSku=53811,53811[12]
000002676|Fastenal WIRIH,siteId=100118802,productSku=53812,53812[12]
000002676|Fastenal WIRIH,siteId=100118802,productSku=53813,53813[12]
000002676|Fastenal WIRIH,siteId=100118802,productSku=53814,53814[12]
000002676|Fastenal WIRIH,siteId=100118802,productSku=53815,53815[12]
000002676|Fastenal WIRIH,siteId=100118802,productSku=53816,53816[12]
000002676|Fastenal WIRIH,siteId=100118802,productSku=53817,53817[12]
000002676|Fastenal WIRIH,siteId=100118802,productSku=53818,53818[12]
000002676|Fastenal WIRIH,siteId=100118802,productSku=53819,53819[12]
000002676|Fastenal WIRIH,siteId=100118802,productSku=53820,53820[12]
000002676|Fastenal WIRIH,siteId=100118802,productSku=53821,53821[12]
000002676|Fastenal WIRIH,siteId=100118802,productSku=53822,53822[12]
000002676|Fastenal WIRIH,siteId=100118802,productSku=53823,53823[12]
000002676|Fastenal WIRIH,siteId=100118802,productSku=53824,53824[12]
000002676|Fastenal WIRIH,siteId=100118802,productSku=53825,53825[12]
000002676|Fastenal WIRIH,siteId=100118802,productSku=53826,53826[12]
000002676|Fastenal WIRIH,siteId=100118802,productSku=53827,53827[12]
000002676|Fastenal WIRIH,siteId=100118802,productSku=53828,53828[12]
000002676|Fastenal WIRIH,siteId=100118802,productSku=53829,53829[12]
000002676|Fastenal WIRIH,siteId=100118802,productSku=53830,53830[12]
000002676|Fastenal WIRIH,siteId=100118802,productSku=53831,53831[12]
000002676|Fastenal WIRIH,siteId=100118802,productSku=53832,53832[12]
000002676|Fastenal WIRIH,siteId=100118802,productSku=53833,53833[12]
000002676|Fastenal WIRIH,siteId=100118802,productSku=53834,53834[12]
000002676|Fastenal WIRIH,siteId=100118802,productSku=55050,55050[1]
000002676|Fastenal WIRIH,siteId=100118802,productSku=55069,55069[1]
000002676|Fastenal WIRIH,siteId=100118802,productSku=55070,55070[1]
000002676|Fastenal WIRIH,siteId=100118802,productSku=55078,55078[1]
000002676|Fastenal WIRIH,siteId=100118802,productSku=55079,55079[1]
000002676|Fastenal WIRIH,siteId=100118802,productSku=55080,55080[1]
000002676|Fastenal WIRIH,siteId=100118802,productSku=55083,55083[1]
000002676|Fastenal WIRIH,siteId=100118802,productSku=55084,55084[1]
000002676|Fastenal WIRIH,siteId=100118802,productSku=55085,55085[1]
000002676|Fastenal WIRIH,siteId=100118802,productSku=55088,55088[1]
000002676|Fastenal WIRIH,siteId=100118802,productSku=55089,55089[1]
000002676|Fastenal WIRIH,siteId=100118802,productSku=55090,55090[1]
000002676|Fastenal WIRIH,siteId=100118802,productSku=55093,55093[1]
000002676|Fastenal WIRIH,siteId=100118802,productSku=55094,55094[1]
000002676|Fastenal WIRIH,siteId=100118802,productSku=55095,55095[1]
000002676|Fastenal WIRIH,siteId=100118802,productSku=55103,55103[1]
000002676|Fastenal WIRIH,siteId=100118802,productSku=55104,55104[1]
000002676|Fastenal WIRIH,siteId=100118802,productSku=55105,55105[1]
000002676|Fastenal WIRIH,siteId=100118802,productSku=55108,55108[1]
000002676|Fastenal WIRIH,siteId=100118802,productSku=55109,55109[1]
000002676|Fastenal WIRIH,siteId=100118802,productSku=55110,55110[1]
000002676|Fastenal WIRIH,siteId=100118802,productSku=55113,55113[1]
000002676|Fastenal WIRIH,siteId=100118802,productSku=55114,55114[1]
000002676|Fastenal WIRIH,siteId=100118802,productSku=55115,55115[1]
000002676|Fastenal WIRIH,siteId=100118802,productSku=55118,55118[1]
000002676|Fastenal WIRIH,siteId=100118802,productSku=55119,55119[1]
000002676|Fastenal WIRIH,siteId=100118802,productSku=55120,55120[1]
000002676|Fastenal WIRIH,siteId=100118802,productSku=55123,55123[1]
000002676|Fastenal WIRIH,siteId=100118802,productSku=55124,55124[1]
000002676|Fastenal WIRIH,siteId=100118802,productSku=55125,55125[1]
000002676|Fastenal WIRIH,siteId=100118802,productSku=55128,55128[1]
000002676|Fastenal WIRIH,siteId=100118802,productSku=55129,55129[1]
000002676|Fastenal WIRIH,siteId=100118802,productSku=55130,55130[1]
000002676|Fastenal WIRIH,siteId=100118802,productSku=55133,55133[1]
000002676|Fastenal WIRIH,siteId=100118802,productSku=55134,55134[1]
000002676|Fastenal WIRIH,siteId=100118802,productSku=55135,55135[1]
000002676|Fastenal WIRIH,siteId=100118802,productSku=55139,55139[1]
000002676|Fastenal WIRIH,siteId=100118802,productSku=55140,55140[1]
000002676|Fastenal WIRIH,siteId=100118802,productSku=55143,55143[1]
000002676|Fastenal WIRIH,siteId=100118802,productSku=55144,55144[1]
000002676|Fastenal WIRIH,siteId=100118802,productSku=55145,55145[1]
000002676|Fastenal WIRIH,siteId=100118802,productSku=55148,55148[1]
000002676|Fastenal WIRIH,siteId=100118802,productSku=55149,55149[1]
000002676|Fastenal WIRIH,siteId=100118802,productSku=55150,55150[1]
000002676|Fastenal WIRIH,siteId=100118802,productSku=55153,55153[1]
000002676|Fastenal WIRIH,siteId=100118802,productSku=55154,55154[1]
000002676|Fastenal WIRIH,siteId=100118802,productSku=55155,55155[1]
000002676|Fastenal WIRIH,siteId=100118802,productSku=55158,55158[1]
000002676|Fastenal WIRIH,siteId=100118802,productSku=55159,55159[1]
000002676|Fastenal WIRIH,siteId=100118802,productSku=55160,55160[1]
000002676|Fastenal WIRIH,siteId=100118802,productSku=55163,55163[1]
000002676|Fastenal WIRIH,siteId=100118802,productSku=55164,55164[1]
000002676|Fastenal WIRIH,siteId=100118802,productSku=55165,55165[1]
000002676|Fastenal WIRIH,siteId=100118802,productSku=55168,55168[1]
000002676|Fastenal WIRIH,siteId=100118802,productSku=55169,55169[1]
000002676|Fastenal WIRIH,siteId=100118802,productSku=55170,55170[1]
000002676|Fastenal WIRIH,siteId=100118802,productSku=55173,55173[1]
000002676|Fastenal WIRIH,siteId=100118802,productSku=55174,55174[1]
000002676|Fastenal WIRIH,siteId=100118802,productSku=55175,55175[1]
000002676|Fastenal WIRIH,siteId=100118802,productSku=55178,55178[1]
000002676|Fastenal WIRIH,siteId=100118802,productSku=55179,55179[1]
000002676|Fastenal WIRIH,siteId=100118802,productSku=55180,55180[1]
000002676|Fastenal WIRIH,siteId=100168611,productSku=0225008,0225008[1]
000002676|Fastenal WIRIH,siteId=100168611,productSku=0225009,0225009[1]
000002676|Fastenal WIRIH,siteId=100168611,productSku=0225010,0225010[1]
000002676|Fastenal WIRIH,siteId=100168611,productSku=0225011,0225011[1]
000002676|Fastenal WIRIH,siteId=100168611,productSku=0701501,0701501[1]
000002676|Fastenal WIRIH,siteId=100168611,productSku=0702625,0702625[1]
000002676|Fastenal WIRIH,siteId=100168611,productSku=0720312,0720312[1]
000002676|Fastenal WIRIH,siteId=100168611,productSku=0800006,0800006[1]
000002676|Fastenal WIRIH,siteId=100168611,productSku=53732,53732[1]
000002676|Fastenal WIRIH,siteId=100168611,productSku=53733,53733[1]
000002676|Fastenal WIRIH,siteId=100168611,productSku=53734,53734[1]
000002676|Fastenal WIRIH,siteId=100168611,productSku=53735,53735[1]
000002676|Fastenal WIRIH,siteId=100168611,productSku=53736,53736[1]
000002676|Fastenal WIRIH,siteId=100168611,productSku=53737,53737[1]
000002676|Fastenal WIRIH,siteId=100168611,productSku=53738,53738[1]
000002676|Fastenal WIRIH,siteId=100168611,productSku=53739,53739[1]
000002676|Fastenal WIRIH,siteId=100168611,productSku=53740,53740[1]
000002676|Fastenal WIRIH,siteId=100168611,productSku=53741,53741[1]
000002676|Fastenal WIRIH,siteId=100168611,productSku=53742,53742[1]
000002676|Fastenal WIRIH,siteId=100168611,productSku=53743,53743[1]
000002676|Fastenal WIRIH,siteId=100168611,productSku=53744,53744[1]
000002676|Fastenal WIRIH,siteId=100168611,productSku=53745,53745[1]
000002676|Fastenal WIRIH,siteId=100168611,productSku=53746,53746[1]
000002676|Fastenal WIRIH,siteId=100168611,productSku=53747,53747[1]
000002676|Fastenal WIRIH,siteId=100168611,productSku=53748,53748[1]
000002676|Fastenal WIRIH,siteId=100168611,productSku=53749,53749[1]
000002676|Fastenal WIRIH,siteId=100168611,productSku=53750,53750[1]
000002676|Fastenal WIRIH,siteId=100168611,productSku=53751,53751[1]
000002676|Fastenal WIRIH,siteId=100168611,productSku=53752,53752[1]
000002676|Fastenal WIRIH,siteId=100168611,productSku=53753,53753[1]
000002676|Fastenal WIRIH,siteId=100168611,productSku=53754,53754[1]
000002676|Fastenal WIRIH,siteId=100168611,productSku=53755,53755[1]
000002676|Fastenal WIRIH,siteId=100168611,productSku=53756,53756[1]
000002676|Fastenal WIRIH,siteId=100168611,productSku=53757,53757[1]
000002676|Fastenal WIRIH,siteId=100168611,productSku=53758,53758[1]
000002676|Fastenal WIRIH,siteId=100168611,productSku=53759,53759[1]
000002676|Fastenal WIRIH,siteId=100168611,productSku=53760,53760[1]
000002676|Fastenal WIRIH,siteId=100168611,productSku=53761,53761[1]
000002676|Fastenal WIRIH,siteId=100168611,productSku=53762,53762[1]
000002676|Fastenal WIRIH,siteId=100168611,productSku=53763,53763[1]
000002676|Fastenal WIRIH,siteId=100168611,productSku=53764,53764[1]
000002676|Fastenal WIRIH,siteId=100168611,productSku=53765,53765[1]
000002676|Fastenal WIRIH,siteId=100168611,productSku=53766,53766[1]
000002676|Fastenal WIRIH,siteId=100168611,productSku=53767,53767[1]
000002676|Fastenal WIRIH,siteId=100168611,productSku=53768,53768[1]
000002676|Fastenal WIRIH,siteId=100168611,productSku=53769,53769[1]
000002676|Fastenal WIRIH,siteId=100168611,productSku=53770,53770[1]
000002676|Fastenal WIRIH,siteId=100168611,productSku=53771,53771[1]
000002676|Fastenal WIRIH,siteId=100168611,productSku=53772,53772[1]
000002676|Fastenal WIRIH,siteId=100168611,productSku=53773,53773[1]
000002676|Fastenal WIRIH,siteId=100168611,productSku=53774,53774[1]
000002676|Fastenal WIRIH,siteId=100168611,productSku=53775,53775[1]
000002676|Fastenal WIRIH,siteId=100168611,productSku=53776,53776[1]
000002676|Fastenal WIRIH,siteId=100168611,productSku=53777,53777[1]
000002676|Fastenal WIRIH,siteId=100168611,productSku=53778,53778[1]
000002676|Fastenal WIRIH,siteId=100168611,productSku=53779,53779[1]
000002676|Fastenal WIRIH,siteId=100168611,productSku=53780,53780[1]
000002676|Fastenal WIRIH,siteId=100168611,productSku=53781,53781[1]
000002676|Fastenal WIRIH,siteId=100168611,productSku=53782,53782[1]
000002676|Fastenal WIRIH,siteId=100168611,productSku=53783,53783[1]
000002676|Fastenal WIRIH,siteId=100168611,productSku=53784,53784[1]
000002676|Fastenal WIRIH,siteId=100168611,productSku=53785,53785[1]
000002676|Fastenal WIRIH,siteId=100168611,productSku=53786,53786[1]
000002676|Fastenal WIRIH,siteId=100168611,productSku=53787,53787[1]
000002676|Fastenal WIRIH,siteId=100168611,productSku=53788,53788[1]
000002676|Fastenal WIRIH,siteId=100168611,productSku=53789,53789[1]
000002676|Fastenal WIRIH,siteId=100168611,productSku=53790,53790[1]
000002676|Fastenal WIRIH,siteId=100168611,productSku=53791,53791[1]
000002676|Fastenal WIRIH,siteId=100168611,productSku=53792,53792[1]
000002676|Fastenal WIRIH,siteId=100168611,productSku=53793,53793[1]
000002676|Fastenal WIRIH,siteId=100168611,productSku=53794,53794[2]
000002676|Fastenal WIRIH,siteId=100168611,productSku=53795,53795[2]
000002676|Fastenal WIRIH,siteId=100168611,productSku=53796,53796[2]
000002676|Fastenal WIRIH,siteId=100168611,productSku=53797,53797[2]
000002676|Fastenal WIRIH,siteId=100168611,productSku=53798,53798[2]
000002676|Fastenal WIRIH,siteId=100168611,productSku=53799,53799[2]
000002676|Fastenal WIRIH,siteId=100168611,productSku=53800,53800[2]
000002676|Fastenal WIRIH,siteId=100168611,productSku=53801,53801[2]
000002676|Fastenal WIRIH,siteId=100168611,productSku=53802,53802[2]
000002676|Fastenal WIRIH,siteId=100168611,productSku=53803,53803[2]
000002676|Fastenal WIRIH,siteId=100168611,productSku=53804,53804[2]
000002676|Fastenal WIRIH,siteId=100168611,productSku=53805,53805[3]
000002676|Fastenal WIRIH,siteId=100168611,productSku=53806,53806[3]
000002676|Fastenal WIRIH,siteId=100168611,productSku=53807,53807[3]
000002676|Fastenal WIRIH,siteId=100168611,productSku=53808,53808[3]
000002676|Fastenal WIRIH,siteId=100168611,productSku=53809,53809[3]
000002676|Fastenal WIRIH,siteId=100168611,productSku=53810,53810[3]
000002676|Fastenal WIRIH,siteId=100168611,productSku=53811,53811[3]
000002676|Fastenal WIRIH,siteId=100168611,productSku=53812,53812[4]
000002676|Fastenal WIRIH,siteId=100168611,productSku=53813,53813[4]
000002676|Fastenal WIRIH,siteId=100168611,productSku=53814,53814[4]
000002676|Fastenal WIRIH,siteId=100168611,productSku=53815,53815[4]
000002676|Fastenal WIRIH,siteId=100168611,productSku=53816,53816[4]
000002676|Fastenal WIRIH,siteId=100168611,productSku=53817,53817[4]
000002676|Fastenal WIRIH,siteId=100168611,productSku=53818,53818[4]
000002676|Fastenal WIRIH,siteId=100168611,productSku=53819,53819[4]
000002676|Fastenal WIRIH,siteId=100168611,productSku=53820,53820[4]
000002676|Fastenal WIRIH,siteId=100168611,productSku=53821,53821[4]
000002676|Fastenal WIRIH,siteId=100168611,productSku=53822,53822[6]
000002676|Fastenal WIRIH,siteId=100168611,productSku=53823,53823[6]
000002676|Fastenal WIRIH,siteId=100168611,productSku=53824,53824[6]
000002676|Fastenal WIRIH,siteId=100168611,productSku=53825,53825[8]
000002676|Fastenal WIRIH,siteId=100168611,productSku=53826,53826[8]
000002676|Fastenal WIRIH,siteId=100168611,productSku=53827,53827[8]
000002676|Fastenal WIRIH,siteId=100168611,productSku=53828,53828[8]
000002676|Fastenal WIRIH,siteId=100168611,productSku=53829,53829[8]
000002676|Fastenal WIRIH,siteId=100168611,productSku=53830,53830[12]
000002676|Fastenal WIRIH,siteId=100168611,productSku=53831,53831[12]
000002676|Fastenal WIRIH,siteId=100168611,productSku=53832,53832[12]
000002676|Fastenal WIRIH,siteId=100168611,productSku=53833,53833[12]
000002676|Fastenal WIRIH,siteId=100168611,productSku=53834,53834[12]
000002676|Fastenal WIRIH,siteId=100168611,productSku=63163,63163[1]
000002676|Fastenal WIRIH,siteId=100168611,productSku=63164,63164[1]
000002676|Fastenal WIRIH,siteId=100168611,productSku=63165,63165[1]
000002676|Fastenal WIRIH,siteId=100168611,productSku=63230,63230[1]
000002676|Fastenal WIRIH,siteId=100168611,productSku=63231,63231[1]
000002676|Fastenal WIRIH,siteId=100168611,productSku=63232,63232[1]
000002676|Fastenal WIRIH,siteId=100168611,productSku=63233,63233[1]
000002676|Fastenal WIRIH,siteId=100168611,productSku=63234,63234[1]
000002676|Fastenal WIRIH,siteId=100168611,productSku=63235,63235[1]
000002676|Fastenal WIRIH,siteId=100168611,productSku=63236,63236[1]
000002676|Fastenal WIRIH,siteId=100168611,productSku=63237,63237[1]
000002676|Fastenal WIRIH,siteId=100168611,productSku=63238,63238[1]
000002676|Fastenal WIRIH,siteId=100116711,productSku=0150258,0150258[1]
000002676|Fastenal WIRIH,siteId=100116711,productSku=0150984,0150984[1]
000002676|Fastenal WIRIH,siteId=100116711,productSku=0200660,0200660[1]
000002676|Fastenal WIRIH,siteId=100116711,productSku=0200760,0200760[1]
000002676|Fastenal WIRIH,siteId=100116711,productSku=0200761,0200761[1]
000002676|Fastenal WIRIH,siteId=100116711,productSku=0200762,0200762[1]
000002676|Fastenal WIRIH,siteId=100116711,productSku=0215006v01,0215006v01[1]
000002676|Fastenal WIRIH,siteId=100116711,productSku=0215007v01,0215007v01[1]
000002676|Fastenal WIRIH,siteId=100116711,productSku=0215009,0215009[1]
000002676|Fastenal WIRIH,siteId=100116711,productSku=0215010v04,0215010v04[4]
000002676|Fastenal WIRIH,siteId=100116711,productSku=0249702,0249702[5]
000002676|Fastenal WIRIH,siteId=100116711,productSku=0609059,0609059[1]
000002676|Fastenal WIRIH,siteId=100116711,productSku=0818989,0818989[1]
000002676|Fastenal WIRIH,siteId=100116711,productSku=0825701,0825701[1]
000002676|Fastenal WIRIH,siteId=100116711,productSku=0825705,0825705[1]
000002676|Fastenal WIRIH,siteId=100116711,productSku=0841010,0841010[1]
000002676|Fastenal WIRIH,siteId=100116711,productSku=100 Nox Ice,100 Nox Ice[1]
000002676|Fastenal WIRIH,siteId=100116711,productSku=1002634,1002634[1]
000002676|Fastenal WIRIH,siteId=100116711,productSku=1002635,1002635[1]
000002676|Fastenal WIRIH,siteId=100116711,productSku=101 AirBrake A/F,101 AirBrake A/F[1]
000002676|Fastenal WIRIH,siteId=100116711,productSku=102 WinterPowrPlus,102 WinterPowrPlus[1]
000002676|Fastenal WIRIH,siteId=100116711,productSku=103 Paragon,103 Paragon[1]
000002676|Fastenal WIRIH,siteId=100116711,productSku=104 FS Red,104 FS Red[1]
000002676|Fastenal WIRIH,siteId=100116711,productSku=105 FS Green,105 FS Green[1]
000002676|Fastenal WIRIH,siteId=100116711,productSku=110 5W-30,110 5W-30[1]
000002676|Fastenal WIRIH,siteId=100116711,productSku=111 10W-40,111 10W-40[1]
000002676|Fastenal WIRIH,siteId=100116711,productSku=112 100w120vrsbulb,112 100w120vrsbulb[1]
000002676|Fastenal WIRIH,siteId=100116711,productSku=113 Clear Silicon,113 Clear Silicon[1]
000002676|Fastenal WIRIH,siteId=100116711,productSku=114 Log/Time Books,114 Log/Time Books[1]
000002676|Fastenal WIRIH,siteId=100116711,productSku=115 Great Stuff,115 Great Stuff[1]
000002676|Fastenal WIRIH,siteId=100116711,productSku=120 Clear Faceshield,120 Clear Faceshield[1]
000002676|Fastenal WIRIH,siteId=100116711,productSku=12014-01459,12014-01459[1]
000002676|Fastenal WIRIH,siteId=100116711,productSku=12014-01460,12014-01460[1]
000002676|Fastenal WIRIH,siteId=100116711,productSku=12014-01935,12014-01935[1]
000002676|Fastenal WIRIH,siteId=100116711,productSku=12014-02052,12014-02052[1]
000002676|Fastenal WIRIH,siteId=100116711,productSku=121 Shade Faceshield,121 Shade Faceshield[1]
000002676|Fastenal WIRIH,siteId=100116711,productSku=5138-01075,5138-01075[1]
000002676|Fastenal WIRIH,siteId=100116711,productSku=5138-13245,5138-13245[1]
000002676|Fastenal WIRIH,siteId=100116711,productSku=620004-131453,620004-131453[1]
000002676|Fastenal WIRIH,siteId=100116711,productSku=620005-131453,620005-131453[1]
000002676|Fastenal WIRIH,siteId=100116711,productSku=62365,62365[1]
000002676|Fastenal WIRIH,siteId=100116711,productSku=62401,62401[1]
000002676|Fastenal WIRIH,siteId=100116711,productSku=62413,62413[1]
000002676|Fastenal WIRIH,siteId=100116711,productSku=62419,62419[1]
000002676|Fastenal WIRIH,siteId=100116711,productSku=62427,62427[1]
000002676|Fastenal WIRIH,siteId=100116711,productSku=62494,62494[1]
000002676|Fastenal WIRIH,siteId=100116711,productSku=62496,62496[1]
000002676|Fastenal WIRIH,siteId=100116711,productSku=62701,62701[1]
000002676|Fastenal WIRIH,siteId=100116711,productSku=63161,63161[1]
000002676|Fastenal WIRIH,siteId=100116711,productSku=63247,63247[1]
000002676|Fastenal WIRIH,siteId=100116711,productSku=63248,63248[1]
000002676|Fastenal WIRIH,siteId=100116711,productSku=63278,63278[1]
000002676|Fastenal WIRIH,siteId=100116711,productSku=70 Omaha Oranger,70 Omaha Oranger[1]
000002676|Fastenal WIRIH,siteId=100116711,productSku=71 Light Gray Primer,71 Light Gray Primer[1]
000002676|Fastenal WIRIH,siteId=100116711,productSku=72 Gloss White,72 Gloss White[1]
000002676|Fastenal WIRIH,siteId=100116711,productSku=73 Gloss Black,73 Gloss Black[1]
000002676|Fastenal WIRIH,siteId=100116711,productSku=74 Dove Gray,74 Dove Gray[1]
000002676|Fastenal WIRIH,siteId=100116711,productSku=75 Gloss Red,75 Gloss Red[1]
000002676|Fastenal WIRIH,siteId=100116711,productSku=80 New Equip. Yello,80 New Equip. Yello[1]
000002676|Fastenal WIRIH,siteId=100116711,productSku=81 Flat Black,81 Flat Black[1]
000002676|Fastenal WIRIH,siteId=100116711,productSku=82 Gloves,82 Gloves[1]
000002676|Fastenal WIRIH,siteId=100116711,productSku=83 Faceshields,83 Faceshields[1]
000002676|Fastenal WIRIH,siteId=100116711,productSku=83 Welding Gloves,83 Welding Gloves[1]
000002676|Fastenal WIRIH,siteId=100116711,productSku=84 Tips/Welding Sle,84 Tips/Welding Sle[1]
000002676|Fastenal WIRIH,siteId=100116711,productSku=85 Black Gloves,85 Black Gloves[1]
000002676|Fastenal WIRIH,siteId=100116711,productSku=90 Crazy Clean,90 Crazy Clean[1]
000002676|Fastenal WIRIH,siteId=100116711,productSku=92 Starting Fluid,92 Starting Fluid[1]
000002676|Fastenal WIRIH,siteId=100116711,productSku=93 Elec. MotorCleanr,93 Elec. MotorCleanr[1]
000002676|Fastenal WIRIH,siteId=100116711,productSku=94 Battery Cleaner,94 Battery Cleaner[1]
000002676|Fastenal WIRIH,siteId=100116711,productSku=95 Battery Protector,95 Battery Protector[1]
000002676|Fastenal WIRIH,siteId=100116711,productSku=Customer Part # ,Customer Part # [1]
000002676|Fastenal WIRIH,siteId=100116711,productSku=LOCKERS,LOCKERS[1]
000001362|Fastenal WISTG,siteId=100111150,productSku=0120853,0120853[1]
000001362|Fastenal WISTG,siteId=100111150,productSku=0128505,0128505[1]
000001362|Fastenal WISTG,siteId=100111150,productSku=0159637,0159637[1]
000001362|Fastenal WISTG,siteId=100111150,productSku=0200094,0200094[1]
000001362|Fastenal WISTG,siteId=100111150,productSku=0209600,0209600[1]
000001362|Fastenal WISTG,siteId=100111150,productSku=0209601,0209601[1]
000001362|Fastenal WISTG,siteId=100111150,productSku=0209602,0209602[1]
000001362|Fastenal WISTG,siteId=100111150,productSku=0209604,0209604[1]
000001362|Fastenal WISTG,siteId=100111150,productSku=0209606,0209606[1]
000001362|Fastenal WISTG,siteId=100111150,productSku=0210376,0210376[1]
000001362|Fastenal WISTG,siteId=100111150,productSku=0211949,0211949[1]
000001362|Fastenal WISTG,siteId=100111150,productSku=0215008,0215008[4]
000001362|Fastenal WISTG,siteId=100111150,productSku=0215010,0215010[4]
000001362|Fastenal WISTG,siteId=100111150,productSku=0225011v02,0225011v02[2]
000001362|Fastenal WISTG,siteId=100111150,productSku=0249704,0249704[50]
000001362|Fastenal WISTG,siteId=100111150,productSku=0250131,0250131[1]
000001362|Fastenal WISTG,siteId=100111150,productSku=0250146,0250146[1]
000001362|Fastenal WISTG,siteId=100111150,productSku=0256823,0256823[1]
000001362|Fastenal WISTG,siteId=100111150,productSku=0257769,0257769[1]
000001362|Fastenal WISTG,siteId=100111150,productSku=0257771,0257771[1]
000001362|Fastenal WISTG,siteId=100111150,productSku=0260520,0260520[1]
000001362|Fastenal WISTG,siteId=100111150,productSku=0260547,0260547[1]
000001362|Fastenal WISTG,siteId=100111150,productSku=0260551,0260551[1]
000001362|Fastenal WISTG,siteId=100111150,productSku=0260552,0260552[1]
000001362|Fastenal WISTG,siteId=100111150,productSku=0260553,0260553[1]
000001362|Fastenal WISTG,siteId=100111150,productSku=0260571,0260571[1]
000001362|Fastenal WISTG,siteId=100111150,productSku=0260572,0260572[6]
000001362|Fastenal WISTG,siteId=100111150,productSku=0260711,0260711[1]
000001362|Fastenal WISTG,siteId=100111150,productSku=0326838,0326838[1]
000001362|Fastenal WISTG,siteId=100111150,productSku=0326842,0326842[1]
000001362|Fastenal WISTG,siteId=100111150,productSku=0601293,0601293[1]
000001362|Fastenal WISTG,siteId=100111150,productSku=0604869,0604869[1]
000001362|Fastenal WISTG,siteId=100111150,productSku=0605040,0605040[1]
000001362|Fastenal WISTG,siteId=100111150,productSku=0609252,0609252[1]
000001362|Fastenal WISTG,siteId=100111150,productSku=0609289,0609289[1]
000001362|Fastenal WISTG,siteId=100111150,productSku=0612259,0612259[1]
000001362|Fastenal WISTG,siteId=100111150,productSku=0615929,0615929[1]
000001362|Fastenal WISTG,siteId=100111150,productSku=0617282,0617282[1]
000001362|Fastenal WISTG,siteId=100111150,productSku=1003586,1003586[1]
000001362|Fastenal WISTG,siteId=100111150,productSku=1008338,1008338[1]
000001362|Fastenal WISTG,siteId=100111150,productSku=1021554,1021554[1]
000001362|Fastenal WISTG,siteId=100111150,productSku=110281820,110281820[1]
000001362|Fastenal WISTG,siteId=100111150,productSku=11914-01557,11914-01557[1]
000001362|Fastenal WISTG,siteId=100111150,productSku=11914-02258,11914-02258[1]
000001362|Fastenal WISTG,siteId=100111150,productSku=45768,45768[1]
000001362|Fastenal WISTG,siteId=100111150,productSku=45769,45769[1]
000001362|Fastenal WISTG,siteId=100111150,productSku=55607,55607[1]
000001362|Fastenal WISTG,siteId=100111150,productSku=55620,55620[1]
000001362|Fastenal WISTG,siteId=100111150,productSku=55630,55630[1]
000001362|Fastenal WISTG,siteId=100111150,productSku=55645,55645[1]
000001362|Fastenal WISTG,siteId=100111150,productSku=610098-131450,610098-131450[1]
000001362|Fastenal WISTG,siteId=100111150,productSku=610191,610191[1]
000001362|Fastenal WISTG,siteId=100111150,productSku=62644,62644[1]
000001362|Fastenal WISTG,siteId=100111150,productSku=63082,63082[1]
000001362|Fastenal WISTG,siteId=100111150,productSku=63124,63124[100]
000001362|Fastenal WISTG,siteId=100111150,productSku=63126,63126[100]
000001362|Fastenal WISTG,siteId=100111150,productSku=63128,63128[100]
000001362|Fastenal WISTG,siteId=100111150,productSku=63130,63130[100]
000001362|Fastenal WISTG,siteId=100111150,productSku=63162,63162[1]
000001362|Fastenal WISTG,siteId=100111150,productSku=7012674,7012674[1]
000001362|Fastenal WISTG,siteId=100100864,productSku=0150203,0150203[1]
000001362|Fastenal WISTG,siteId=100100864,productSku=0202901,0202901[1]
000001362|Fastenal WISTG,siteId=100100864,productSku=0202903,0202903[12]
000001362|Fastenal WISTG,siteId=100100864,productSku=0204925,0204925[1]
000001362|Fastenal WISTG,siteId=100100864,productSku=0204927,0204927[1]
000001362|Fastenal WISTG,siteId=100100864,productSku=0204930,0204930[1]
000001362|Fastenal WISTG,siteId=100100864,productSku=0204931,0204931[1]
000001362|Fastenal WISTG,siteId=100100864,productSku=0204935,0204935[1]
000001362|Fastenal WISTG,siteId=100100864,productSku=0204937,0204937[1]
000001362|Fastenal WISTG,siteId=100100864,productSku=0207149,0207149[1]
000001362|Fastenal WISTG,siteId=100100864,productSku=0207150,0207150[1]
000001362|Fastenal WISTG,siteId=100100864,productSku=1002494,1002494[30]
000001362|Fastenal WISTG,siteId=100100864,productSku=1002495,1002495[30]
000001362|Fastenal WISTG,siteId=100100864,productSku=1002496,1002496[30]
000001362|Fastenal WISTG,siteId=100100864,productSku=1002497,1002497[30]
000001362|Fastenal WISTG,siteId=100100864,productSku=1002946,1002946[200]
000001362|Fastenal WISTG,siteId=100100864,productSku=1002949,1002949[200]
000001362|Fastenal WISTG,siteId=100100864,productSku=1003417,1003417[12]
000001362|Fastenal WISTG,siteId=100100864,productSku=1005280,1005280[1]
000001362|Fastenal WISTG,siteId=100100864,productSku=1028715,1028715[1]
000001362|Fastenal WISTG,siteId=100100864,productSku=1028718,1028718[1]
000001362|Fastenal WISTG,siteId=100100864,productSku=10545-02146,10545-02146[1]
000001362|Fastenal WISTG,siteId=100100864,productSku=10545-02790,10545-02790[1]
000001362|Fastenal WISTG,siteId=100100864,productSku=10545-03003,10545-03003[1]
000001362|Fastenal WISTG,siteId=100100864,productSku=11914-01165,11914-01165[1]
000001362|Fastenal WISTG,siteId=100100864,productSku=11914-01166,11914-01166[1]
000001362|Fastenal WISTG,siteId=100100864,productSku=200774,200774[25]
000001362|Fastenal WISTG,siteId=100100864,productSku=204927,204927[1]
000001362|Fastenal WISTG,siteId=100100864,productSku=204938,204938[1]
000001362|Fastenal WISTG,siteId=100100864,productSku=207143,207143[1]
000001362|Fastenal WISTG,siteId=100100864,productSku=54205,54205[1]
000001362|Fastenal WISTG,siteId=100100864,productSku=57007,57007[1]
000001362|Fastenal WISTG,siteId=100100864,productSku=57045,57045[1]
000001362|Fastenal WISTG,siteId=100100864,productSku=57046,57046[1]
000001362|Fastenal WISTG,siteId=100100864,productSku=57048,57048[1]
000001362|Fastenal WISTG,siteId=100100864,productSku=57049,57049[1]
000001362|Fastenal WISTG,siteId=100100864,productSku=57050,57050[1]
000001362|Fastenal WISTG,siteId=100100864,productSku=57051,57051[1]
000001362|Fastenal WISTG,siteId=100100864,productSku=57053,57053[1]
000001362|Fastenal WISTG,siteId=100100864,productSku=57055,57055[1]
000001362|Fastenal WISTG,siteId=100100864,productSku=57059,57059[1]
000001362|Fastenal WISTG,siteId=100100864,productSku=57061,57061[1]
000001362|Fastenal WISTG,siteId=100100864,productSku=57063,57063[1]
000001362|Fastenal WISTG,siteId=100100864,productSku=57068,57068[1]
000001362|Fastenal WISTG,siteId=100100864,productSku=57071,57071[1]
000001362|Fastenal WISTG,siteId=100100864,productSku=57073,57073[1]
000001362|Fastenal WISTG,siteId=100100864,productSku=57097,57097[1]
000001362|Fastenal WISTG,siteId=100100864,productSku=60421,60421[12]
000001362|Fastenal WISTG,siteId=100100864,productSku=62401,62401[1]
000001362|Fastenal WISTG,siteId=100100864,productSku=63163,63163[1]
000001362|Fastenal WISTG,siteId=100100864,productSku=63252,63252[12]
000001362|Fastenal WISTG,siteId=100100864,productSku=99452917,99452917[1]
000001362|Fastenal WISTG,siteId=100100864,productSku=99452918,99452918[1]
000001362|Fastenal WISTG,siteId=100000252,productSku=0209081,0209081[1]
000001362|Fastenal WISTG,siteId=100000252,productSku=0209256,0209256[100]
000001362|Fastenal WISTG,siteId=100000252,productSku=0210038,0210038[1]
000001362|Fastenal WISTG,siteId=100000252,productSku=0233867,0233867[1]
000001362|Fastenal WISTG,siteId=100000252,productSku=0612268,0612268[1]
000001362|Fastenal WISTG,siteId=100000252,productSku=1000501,1000501[1]
000001362|Fastenal WISTG,siteId=100000252,productSku=1000858,1000858[1]
000001362|Fastenal WISTG,siteId=100000252,productSku=1003369,1003369[1]
000001362|Fastenal WISTG,siteId=100000252,productSku=1003371,1003371[1]
000001362|Fastenal WISTG,siteId=100000252,productSku=111000636,111000636[12]
000001362|Fastenal WISTG,siteId=100000252,productSku=11914-02355,11914-02355[1]
000001362|Fastenal WISTG,siteId=100000252,productSku=11914-02360,11914-02360[1]
000001362|Fastenal WISTG,siteId=100000252,productSku=11914-02361,11914-02361[1]
000001362|Fastenal WISTG,siteId=100000252,productSku=11914-02362,11914-02362[1]
000001362|Fastenal WISTG,siteId=100000252,productSku=11914-02363,11914-02363[1]
000001362|Fastenal WISTG,siteId=100000252,productSku=11914-02455,11914-02455[1]
000001362|Fastenal WISTG,siteId=100000252,productSku=5074538199,5074538199[1]
000001362|Fastenal WISTG,siteId=100000252,productSku=99026675,99026675[1]
000001362|Fastenal WISTG,siteId=100000252,productSku=99026675V01,99026675V01[1]
000001362|Fastenal WISTG,siteId=100101155,productSku=0202289,0202289[1]
000001362|Fastenal WISTG,siteId=100101155,productSku=0603216,0603216[12]
000001362|Fastenal WISTG,siteId=100101155,productSku=1000648,1000648[1]
000001362|Fastenal WISTG,siteId=100101155,productSku=1000649,1000649[1]
000001362|Fastenal WISTG,siteId=100101155,productSku=1008098,1008098[1]
000001362|Fastenal WISTG,siteId=100101155,productSku=1008340,1008340[1]
000001362|Fastenal WISTG,siteId=100101155,productSku=1017290,1017290[1]
000001362|Fastenal WISTG,siteId=100101155,productSku=1017291,1017291[1]
000001362|Fastenal WISTG,siteId=100101155,productSku=11107290,11107290[1]
000001362|Fastenal WISTG,siteId=100101155,productSku=11914-01688,11914-01688[1]
000001362|Fastenal WISTG,siteId=100101155,productSku=11914-01689,11914-01689[1]
000001362|Fastenal WISTG,siteId=100101155,productSku=11914-01690,11914-01690[1]
000001362|Fastenal WISTG,siteId=100101155,productSku=11914-01691,11914-01691[1]
000001362|Fastenal WISTG,siteId=100101155,productSku=11914-01692,11914-01692[1]
000001362|Fastenal WISTG,siteId=100101155,productSku=11914-01693,11914-01693[1]
000001362|Fastenal WISTG,siteId=100101155,productSku=11914-01694,11914-01694[1]
000001362|Fastenal WISTG,siteId=100101155,productSku=11914-01696,11914-01696[1]
000001362|Fastenal WISTG,siteId=100101155,productSku=11914-01700,11914-01700[1]
000001362|Fastenal WISTG,siteId=100101155,productSku=11914-01701,11914-01701[1]
000001362|Fastenal WISTG,siteId=100101155,productSku=11914-01765,11914-01765[1]
000001362|Fastenal WISTG,siteId=100101155,productSku=2106981,2106981[1]
000001362|Fastenal WISTG,siteId=100101155,productSku=2106982,2106982[1]
000001362|Fastenal WISTG,siteId=100101155,productSku=2106984,2106984[1]
000001362|Fastenal WISTG,siteId=100101155,productSku=2106993,2106993[1]
000001362|Fastenal WISTG,siteId=100101155,productSku=2106994,2106994[1]
000001362|Fastenal WISTG,siteId=100101155,productSku=2106995,2106995[1]
000001362|Fastenal WISTG,siteId=100101155,productSku=2107004,2107004[1]
000001362|Fastenal WISTG,siteId=100101155,productSku=2107005,2107005[1]
000001362|Fastenal WISTG,siteId=100101155,productSku=660116-131488,660116-131488[1]
000001362|Fastenal WISTG,siteId=100101155,productSku=Open,Open[1]
000002680|Fastenal WISUN,siteId=100112233,productSku=000001,000001[1]
000002680|Fastenal WISUN,siteId=100112233,productSku=000002,000002[1]
000002680|Fastenal WISUN,siteId=100112233,productSku=00004,00004[1]
000002680|Fastenal WISUN,siteId=100112233,productSku=00005,00005[1]
000002680|Fastenal WISUN,siteId=100112233,productSku=00006,00006[1]
000002680|Fastenal WISUN,siteId=100112233,productSku=0202848,0202848[5]
000002680|Fastenal WISUN,siteId=100112233,productSku=0206149,0206149[1]
000002680|Fastenal WISUN,siteId=100112233,productSku=0209875,0209875[1]
000002680|Fastenal WISUN,siteId=100112233,productSku=0242152,0242152[1]
000002680|Fastenal WISUN,siteId=100112233,productSku=0266168,0266168[1]
000002680|Fastenal WISUN,siteId=100112233,productSku=0529774,0529774[1]
000002680|Fastenal WISUN,siteId=100112233,productSku=0600081,0600081[1]
000002680|Fastenal WISUN,siteId=100112233,productSku=0720312,0720312[1]
000002680|Fastenal WISUN,siteId=100112233,productSku=0747375,0747375[1]
000002680|Fastenal WISUN,siteId=100112233,productSku=0747380,0747380[1]
000002680|Fastenal WISUN,siteId=100112233,productSku=0747382,0747382[1]
000002680|Fastenal WISUN,siteId=100112233,productSku=0814555,0814555[1]
000002680|Fastenal WISUN,siteId=100112233,productSku=1008406,1008406[1]
000002680|Fastenal WISUN,siteId=100112233,productSku=1008407,1008407[1]
000002680|Fastenal WISUN,siteId=100112233,productSku=1012225,1012225[5]
000002680|Fastenal WISUN,siteId=100112233,productSku=1012226,1012226[5]
000002680|Fastenal WISUN,siteId=100112233,productSku=1013528,1013528[1]
000002680|Fastenal WISUN,siteId=100112233,productSku=1013529,1013529[1]
000002680|Fastenal WISUN,siteId=100112233,productSku=1013530,1013530[1]
000002680|Fastenal WISUN,siteId=100112233,productSku=1017995,1017995[20]
000002680|Fastenal WISUN,siteId=100112233,productSku=11322-03979,11322-03979[1]
000002680|Fastenal WISUN,siteId=100112233,productSku=11322-03980,11322-03980[1]
000002680|Fastenal WISUN,siteId=100112233,productSku=11322-03995,11322-03995[1]
000002680|Fastenal WISUN,siteId=100112233,productSku=11322-03996,11322-03996[1]
000002680|Fastenal WISUN,siteId=100112233,productSku=11322-03997,11322-03997[1]
000002680|Fastenal WISUN,siteId=100112233,productSku=11322-03998,11322-03998[1]
000002680|Fastenal WISUN,siteId=100112233,productSku=11322-04002,11322-04002[1]
000002680|Fastenal WISUN,siteId=100112233,productSku=11322-04003,11322-04003[1]
000002680|Fastenal WISUN,siteId=100112233,productSku=11322-04004,11322-04004[1]
000002680|Fastenal WISUN,siteId=100112233,productSku=11322-04061,11322-04061[1]
000002680|Fastenal WISUN,siteId=100112233,productSku=11322-04123,11322-04123[1]
000002680|Fastenal WISUN,siteId=100112233,productSku=11322-04459,11322-04459[1]
000002680|Fastenal WISUN,siteId=100112233,productSku=1606062,1606062[1]
000002680|Fastenal WISUN,siteId=100112233,productSku=1614488,1614488[1]
000002680|Fastenal WISUN,siteId=100112233,productSku=1614597,1614597[1]
000002680|Fastenal WISUN,siteId=100112233,productSku=99415439,99415439[1]
000002680|Fastenal WISUN,siteId=100112233,productSku=99415442,99415442[1]
000002680|Fastenal WISUN,siteId=100164091,productSku=0150388,0150388[1]
000002680|Fastenal WISUN,siteId=100164091,productSku=0150904,0150904[1]
000002680|Fastenal WISUN,siteId=100164091,productSku=0215006,0215006[1]
000002680|Fastenal WISUN,siteId=100164091,productSku=0215007,0215007[1]
000002680|Fastenal WISUN,siteId=100164091,productSku=0215008,0215008[24]
000002680|Fastenal WISUN,siteId=100164091,productSku=0258322,0258322[4]
000002680|Fastenal WISUN,siteId=100164091,productSku=0530096,0530096[1]
000002680|Fastenal WISUN,siteId=100164091,productSku=0530106,0530106[1]
000002680|Fastenal WISUN,siteId=100164091,productSku=0600760,0600760[20]
000002680|Fastenal WISUN,siteId=100164091,productSku=0603338,0603338[1]
000002680|Fastenal WISUN,siteId=100164091,productSku=0606118,0606118[1]
000002680|Fastenal WISUN,siteId=100164091,productSku=0606120,0606120[1]
000002680|Fastenal WISUN,siteId=100164091,productSku=0822845,0822845[1]
000002680|Fastenal WISUN,siteId=100164091,productSku=1000503,1000503[100]
000002680|Fastenal WISUN,siteId=100164091,productSku=1000504,1000504[100]
000002680|Fastenal WISUN,siteId=100164091,productSku=1000858V20,1000858V20[20]
000002680|Fastenal WISUN,siteId=100164091,productSku=1010406,1010406[1]
000002680|Fastenal WISUN,siteId=100164091,productSku=1021435,1021435[50]
000002680|Fastenal WISUN,siteId=100164091,productSku=1047456V20,1047456V20[20]
000002680|Fastenal WISUN,siteId=100164091,productSku=1050084,1050084[1]
000002680|Fastenal WISUN,siteId=100164091,productSku=1050085,1050085[1]
000002680|Fastenal WISUN,siteId=100164091,productSku=1050602V20,1050602V20[20]
000002680|Fastenal WISUN,siteId=100164091,productSku=1093277,1093277[1]
000002680|Fastenal WISUN,siteId=100164091,productSku=1093278,1093278[1]
000002680|Fastenal WISUN,siteId=100164091,productSku=1093280,1093280[1]
000002680|Fastenal WISUN,siteId=100164091,productSku=111002037,111002037[20]
000002680|Fastenal WISUN,siteId=100164091,productSku=111002659,111002659[1]
000002680|Fastenal WISUN,siteId=100164091,productSku=111049110,111049110[1]
000002680|Fastenal WISUN,siteId=100164091,productSku=62331,62331[1]
000002680|Fastenal WISUN,siteId=100164091,productSku=62369,62369[1]
000002680|Fastenal WISUN,siteId=100164091,productSku=62401,62401[1]
000002680|Fastenal WISUN,siteId=100164091,productSku=62416,62416[1]
000002680|Fastenal WISUN,siteId=100164091,productSku=99297720,99297720[4]
000002680|Fastenal WISUN,siteId=100164091,productSku=99516685,99516685[1]
000002680|Fastenal WISUN,siteId=100207931,productSku=0215006,0215006[1]
000002680|Fastenal WISUN,siteId=100207931,productSku=0215007,0215007[1]
000002680|Fastenal WISUN,siteId=100207931,productSku=0215008,0215008[1]
000002680|Fastenal WISUN,siteId=100207931,productSku=0215010,0215010[1]
000002680|Fastenal WISUN,siteId=100207931,productSku=0250141,0250141[1]
000002680|Fastenal WISUN,siteId=100207931,productSku=0250142,0250142[1]
000002680|Fastenal WISUN,siteId=100207931,productSku=0530666,0530666[1]
000002680|Fastenal WISUN,siteId=100207931,productSku=0530669,0530669[5]
000002680|Fastenal WISUN,siteId=100207931,productSku=0692718,0692718[1]
000002680|Fastenal WISUN,siteId=100207931,productSku=0747384,0747384[1]
000002680|Fastenal WISUN,siteId=100207931,productSku=0815362,0815362[10]
000002680|Fastenal WISUN,siteId=100207931,productSku=0815363,0815363[1]
000002680|Fastenal WISUN,siteId=100207931,productSku=0815369,0815369[10]
000002680|Fastenal WISUN,siteId=100207931,productSku=0817734,0817734[1]
000002680|Fastenal WISUN,siteId=100207931,productSku=1050348,1050348[1]
000002680|Fastenal WISUN,siteId=100207931,productSku=1050349,1050349[1]
000002680|Fastenal WISUN,siteId=100207931,productSku=1050350,1050350[1]
000002680|Fastenal WISUN,siteId=100207931,productSku=1050351,1050351[1]
000002680|Fastenal WISUN,siteId=100207931,productSku=111024795,111024795[1]
000002680|Fastenal WISUN,siteId=100207931,productSku=111024796,111024796[1]
000002680|Fastenal WISUN,siteId=100207931,productSku=63161,63161[1]
000002680|Fastenal WISUN,siteId=100207931,productSku=660036-131694,660036-131694[1]
000002680|Fastenal WISUN,siteId=100207931,productSku=99455277,99455277[5]
000002680|Fastenal WISUN,siteId=100131412,productSku=0200423,0200423[1]
000002680|Fastenal WISUN,siteId=100131412,productSku=0202288,0202288[100]
000002680|Fastenal WISUN,siteId=100131412,productSku=0209250,0209250[1]
000002680|Fastenal WISUN,siteId=100131412,productSku=0800710V02,0800710V02[2]
000002680|Fastenal WISUN,siteId=100131412,productSku=0853850V01,0853850V01[1]
000002680|Fastenal WISUN,siteId=100131412,productSku=0853853V01,0853853V01[1]
000002680|Fastenal WISUN,siteId=100131412,productSku=1000649,1000649[1]
000002680|Fastenal WISUN,siteId=100131412,productSku=1000816,1000816[1]
000002680|Fastenal WISUN,siteId=100131412,productSku=1006661V05,1006661V05[5]
000002680|Fastenal WISUN,siteId=100131412,productSku=1007930,1007930[1]
000002680|Fastenal WISUN,siteId=100131412,productSku=1008342,1008342[1]
000002680|Fastenal WISUN,siteId=100131412,productSku=1009003V05,1009003V05[5]
000002680|Fastenal WISUN,siteId=100131412,productSku=1012775,1012775[1]
000002680|Fastenal WISUN,siteId=100131412,productSku=1016086V01,1016086V01[1]
000002680|Fastenal WISUN,siteId=100131412,productSku=1017351,1017351[1]
000002680|Fastenal WISUN,siteId=100131412,productSku=1050592V20,1050592V20[20]
000002680|Fastenal WISUN,siteId=100131412,productSku=1050593V20,1050593V20[20]
000002680|Fastenal WISUN,siteId=100131412,productSku=110202905,110202905[1]
000002680|Fastenal WISUN,siteId=100131412,productSku=110281815,110281815[5]
000002680|Fastenal WISUN,siteId=100131412,productSku=110281822,110281822[5]
000002680|Fastenal WISUN,siteId=100131412,productSku=110600308,110600308[1]
000002680|Fastenal WISUN,siteId=100131412,productSku=111002037,111002037[20]
000002680|Fastenal WISUN,siteId=100131412,productSku=111016087,111016087[1]
000002680|Fastenal WISUN,siteId=100131412,productSku=111017290,111017290[1]
000002680|Fastenal WISUN,siteId=100131412,productSku=111017291,111017291[1]
000002680|Fastenal WISUN,siteId=100131412,productSku=57415,57415[5]
000002680|Fastenal WISUN,siteId=100131412,productSku=57422,57422[5]
000002680|Fastenal WISUN,siteId=100131412,productSku=57438,57438[5]
000002680|Fastenal WISUN,siteId=100131412,productSku=59073,59073[5]
000002680|Fastenal WISUN,siteId=100131412,productSku=60420,60420[1]
000002680|Fastenal WISUN,siteId=100131412,productSku=60421,60421[1]
000002680|Fastenal WISUN,siteId=100131412,productSku=60422,60422[1]
000002680|Fastenal WISUN,siteId=100131412,productSku=60423,60423[1]
000002680|Fastenal WISUN,siteId=100131412,productSku=60424,60424[1]
000002680|Fastenal WISUN,siteId=100131412,productSku=62401,62401[1]
000002680|Fastenal WISUN,siteId=100131412,productSku=62405,62405[1]
000002680|Fastenal WISUN,siteId=100131412,productSku=650081,650081[1]
000002680|Fastenal WISUN,siteId=100116276,productSku=0215010V04,0215010V04[4]
000002680|Fastenal WISUN,siteId=100116276,productSku=0237293,0237293[1]
000002680|Fastenal WISUN,siteId=100116276,productSku=0660157,0660157[100]
000002680|Fastenal WISUN,siteId=100116276,productSku=0660159,0660159[100]
000002680|Fastenal WISUN,siteId=100116276,productSku=0660162,0660162[100]
000002680|Fastenal WISUN,siteId=100116276,productSku=0660163,0660163[100]
000002680|Fastenal WISUN,siteId=100116276,productSku=0660164,0660164[100]
000002680|Fastenal WISUN,siteId=100116276,productSku=0660167,0660167[100]
000002680|Fastenal WISUN,siteId=100116276,productSku=0660168,0660168[100]
000002680|Fastenal WISUN,siteId=100116276,productSku=10631-07691,10631-07691[1]
000002680|Fastenal WISUN,siteId=100116276,productSku=62400,62400[1]
000002680|Fastenal WISUN,siteId=100116276,productSku=63161,63161[1]
000002680|Fastenal WISUN,siteId=100116276,productSku=665163-131694,665163-131694[100]
000002680|Fastenal WISUN,siteId=100116276,productSku=665354,665354[100]
000002680|Fastenal WISUN,siteId=100116276,productSku=665356,665356[100]
000002680|Fastenal WISUN,siteId=100116646,productSku=0200041,0200041[4]
000002680|Fastenal WISUN,siteId=100116646,productSku=0200041V05,0200041V05[1]
000002680|Fastenal WISUN,siteId=100116646,productSku=0200318,0200318[1]
000002680|Fastenal WISUN,siteId=100116646,productSku=0200757,0200757[5]
000002680|Fastenal WISUN,siteId=100116646,productSku=0200760,0200760[5]
000002680|Fastenal WISUN,siteId=100116646,productSku=0200766,0200766[1]
000002680|Fastenal WISUN,siteId=100116646,productSku=0200767 ,0200767 [1]
000002680|Fastenal WISUN,siteId=100116646,productSku=0202289,0202289[100]
000002680|Fastenal WISUN,siteId=100116646,productSku=0208201,0208201[2]
000002680|Fastenal WISUN,siteId=100116646,productSku=0211808,0211808[1]
000002680|Fastenal WISUN,siteId=100116646,productSku=0211832,0211832[1]
000002680|Fastenal WISUN,siteId=100116646,productSku=0215008,0215008[4]
000002680|Fastenal WISUN,siteId=100116646,productSku=0215010,0215010[4]
000002680|Fastenal WISUN,siteId=100116646,productSku=0225008,0225008[1]
000002680|Fastenal WISUN,siteId=100116646,productSku=0225009,0225009[1]
000002680|Fastenal WISUN,siteId=100116646,productSku=0225010,0225010[4]
000002680|Fastenal WISUN,siteId=100116646,productSku=0225011,0225011[4]
000002680|Fastenal WISUN,siteId=100116646,productSku=0237290,0237290[1]
000002680|Fastenal WISUN,siteId=100116646,productSku=0600081,0600081[72]
000002680|Fastenal WISUN,siteId=100116646,productSku=0603645,0603645[1]
000002680|Fastenal WISUN,siteId=100116646,productSku=0603971,0603971[1]
000002680|Fastenal WISUN,siteId=100116646,productSku=0606118,0606118[1]
000002680|Fastenal WISUN,siteId=100116646,productSku=0606386,0606386[1]
000002680|Fastenal WISUN,siteId=100116646,productSku=0606408,0606408[1]
000002680|Fastenal WISUN,siteId=100116646,productSku=0607066,0607066[1]
000002680|Fastenal WISUN,siteId=100116646,productSku=0610116,0610116[1]
000002680|Fastenal WISUN,siteId=100116646,productSku=0610695,0610695[1]
000002680|Fastenal WISUN,siteId=100116646,productSku=0615931,0615931[1]
000002680|Fastenal WISUN,siteId=100116646,productSku=0617068,0617068[1]
000002680|Fastenal WISUN,siteId=100116646,productSku=0690237,0690237[1]
000002680|Fastenal WISUN,siteId=100116646,productSku=0709609,0709609[1]
000002680|Fastenal WISUN,siteId=100116646,productSku=0812661,0812661[1]
000002680|Fastenal WISUN,siteId=100116646,productSku=0815010,0815010[1]
000002680|Fastenal WISUN,siteId=100116646,productSku=0815013,0815013[1]
000002680|Fastenal WISUN,siteId=100116646,productSku=0838472,0838472[1]
000002680|Fastenal WISUN,siteId=100116646,productSku=1000845,1000845[1]
000002680|Fastenal WISUN,siteId=100116646,productSku=1006989,1006989[50]
000002680|Fastenal WISUN,siteId=100116646,productSku=1012633,1012633[1]
000002680|Fastenal WISUN,siteId=100116646,productSku=1016058,1016058[100]
000002680|Fastenal WISUN,siteId=100116646,productSku=1016059,1016059[100]
000002680|Fastenal WISUN,siteId=100116646,productSku=1016060,1016060[100]
000002680|Fastenal WISUN,siteId=100116646,productSku=1016061,1016061[100]
000002680|Fastenal WISUN,siteId=100116646,productSku=10325-21253,10325-21253[1]
000002680|Fastenal WISUN,siteId=100116646,productSku=10325-21254,10325-21254[1]
000002680|Fastenal WISUN,siteId=100116646,productSku=120600482 ,120600482 [1]
000002680|Fastenal WISUN,siteId=100116646,productSku=1834-LM2A001,1834-LM2A001[2]
000002680|Fastenal WISUN,siteId=100116646,productSku=430004,430004[1]
000002680|Fastenal WISUN,siteId=100116646,productSku=430101,430101[1]
000002680|Fastenal WISUN,siteId=100116646,productSku=5100148,5100148[1]
000002680|Fastenal WISUN,siteId=100116646,productSku=62357,62357[10]
000002680|Fastenal WISUN,siteId=100116646,productSku=62701,62701[1]
000002680|Fastenal WISUN,siteId=100116646,productSku=63163,63163[1]
000002680|Fastenal WISUN,siteId=100116646,productSku=63247,63247[1]
000002680|Fastenal WISUN,siteId=100116646,productSku=63331,63331[1]
